c++,1,2020-06-29 20:58:42,2020-06-29 20:58:42
c++,2,2020-06-29 20:58:42,2020-06-29 20:58:42
c++,3,2020-06-29 20:58:42,2020-06-29 20:58:42
c++,4,2020-06-29 20:58:42,2020-06-29 20:58:42
java,1,2020-06-29 20:58:42,2020-06-29 20:58:42
java,2,2020-06-29 20:58:42,2020-06-29 20:58:42
java,3,2020-06-29 20:58:42,2020-06-29 20:58:42
java,4,2020-06-29 20:58:42,2020-06-29 20:58:42
javascript,1,2020-06-29 20:58:42,2020-06-29 20:58:42
javascript,2,2020-06-29 20:58:42,2020-06-29 20:58:42
javascript,3,2020-06-29 20:58:42,2020-06-29 20:58:42
javascript,4,2020-06-29 20:58:42,2020-06-29 20:58:42
